{"duration": 0.9919195175170898, "input_args": {"doi": "'10.7717/peerj.18853'"}, "time": 1771423600.9315755}