{"duration": 0.9972867965698242, "input_args": {"doi": "'10.9999/closed.paper'"}, "time": 1771423598.9305863}