{"duration": 0.40868687629699707, "input_args": {"doi": "'10.9999/nonexistent.doi.12345'"}, "time": 1771423562.0463078}