{"duration": 0.9955916404724121, "input_args": {"doi": "'10.9999/nonexistent'"}, "time": 1771423599.930766}