{"duration": 0.45203185081481934, "input_args": {"doi": "'10.1371/journal.pone.0128238'"}, "time": 1771423561.6342697}